[
   {
      "model": "admin.logentry",
      "pk": 1,
      "fields": {
         "action_time": "2021-03-09T12:45:11.941Z",
         "user": 1,
         "content_type": 7,
         "object_id": "1",
         "object_repr": "houseofsock.example.com",
         "action_flag": 2,
         "change_message": "[{\"changed\": {\"fields\": [\"Domain name\", \"Display name\"]}}]"
      }
   },
   {
      "model": "admin.logentry",
      "pk": 2,
      "fields": {
         "action_time": "2021-03-09T12:54:52.458Z",
         "user": 1,
         "content_type": 8,
         "object_id": "1",
         "object_repr": "ryu321@hotmail.com",
         "action_flag": 2,
         "change_message": "[{\"changed\": {\"fields\": [\"Verified\", \"Primary\"]}}]"
      }
   },
   {
      "model": "admin.logentry",
      "pk": 3,
      "fields": {
         "action_time": "2021-03-10T14:57:09.851Z",
         "user": 1,
         "content_type": 13,
         "object_id": "1",
         "object_repr": "mens_socks",
         "action_flag": 1,
         "change_message": "[{\"added\": {}}]"
      }
   },
   {
      "model": "admin.logentry",
      "pk": 4,
      "fields": {
         "action_time": "2021-03-10T14:57:29.629Z",
         "user": 1,
         "content_type": 13,
         "object_id": "2",
         "object_repr": "womens_socks",
         "action_flag": 1,
         "change_message": "[{\"added\": {}}]"
      }
   },
   {
      "model": "admin.logentry",
      "pk": 5,
      "fields": {
         "action_time": "2021-03-11T08:14:23.851Z",
         "user": 1,
         "content_type": 14,
         "object_id": "1",
         "object_repr": "Flamingo Socks",
         "action_flag": 1,
         "change_message": "[{\"added\": {}}]"
      }
   },
   {
      "model": "admin.logentry",
      "pk": 6,
      "fields": {
         "action_time": "2021-03-11T08:23:53.068Z",
         "user": 1,
         "content_type": 13,
         "object_id": "1",
         "object_repr": "mens_socks",
         "action_flag": 2,
         "change_message": "[]"
      }
   },
   {
      "model": "admin.logentry",
      "pk": 7,
      "fields": {
         "action_time": "2021-03-11T09:30:27.272Z",
         "user": 1,
         "content_type": 14,
         "object_id": "1",
         "object_repr": "Flamingo Socks",
         "action_flag": 2,
         "change_message": "[{\"changed\": {\"fields\": [\"Image url\"]}}]"
      }
   },
   {
      "model": "admin.logentry",
      "pk": 8,
      "fields": {
         "action_time": "2021-03-11T09:31:13.090Z",
         "user": 1,
         "content_type": 14,
         "object_id": "1",
         "object_repr": "Flamingo Socks",
         "action_flag": 2,
         "change_message": "[]"
      }
   },
   {
      "model": "admin.logentry",
      "pk": 9,
      "fields": {
         "action_time": "2021-03-11T12:39:53.587Z",
         "user": 1,
         "content_type": 14,
         "object_id": "1",
         "object_repr": "Flamingo Socks",
         "action_flag": 2,
         "change_message": "[{\"changed\": {\"fields\": [\"Image url\"]}}]"
      }
   },
   {
      "model": "admin.logentry",
      "pk": 10,
      "fields": {
         "action_time": "2021-03-11T12:41:01.538Z",
         "user": 1,
         "content_type": 14,
         "object_id": "2",
         "object_repr": "Avocado Socks",
         "action_flag": 1,
         "change_message": "[{\"added\": {}}]"
      }
   },
   {
      "model": "admin.logentry",
      "pk": 11,
      "fields": {
         "action_time": "2021-03-11T12:42:48.345Z",
         "user": 1,
         "content_type": 14,
         "object_id": "3",
         "object_repr": "Sushi Socks",
         "action_flag": 1,
         "change_message": "[{\"added\": {}}]"
      }
   },
   {
      "model": "admin.logentry",
      "pk": 12,
      "fields": {
         "action_time": "2021-03-11T12:43:58.075Z",
         "user": 1,
         "content_type": 14,
         "object_id": "4",
         "object_repr": "Mmm... Donuts Socks",
         "action_flag": 1,
         "change_message": "[{\"added\": {}}]"
      }
   },
   {
      "model": "admin.logentry",
      "pk": 13,
      "fields": {
         "action_time": "2021-03-11T12:45:27.969Z",
         "user": 1,
         "content_type": 14,
         "object_id": "1",
         "object_repr": "Flamingo Socks",
         "action_flag": 2,
         "change_message": "[{\"changed\": {\"fields\": [\"Image\"]}}]"
      }
   },
   {
      "model": "admin.logentry",
      "pk": 14,
      "fields": {
         "action_time": "2021-03-11T12:45:46.249Z",
         "user": 1,
         "content_type": 14,
         "object_id": "2",
         "object_repr": "Avocado Socks",
         "action_flag": 2,
         "change_message": "[{\"changed\": {\"fields\": [\"Image\"]}}]"
      }
   },
   {
      "model": "admin.logentry",
      "pk": 15,
      "fields": {
         "action_time": "2021-03-11T12:46:09.781Z",
         "user": 1,
         "content_type": 14,
         "object_id": "3",
         "object_repr": "Sushi Socks",
         "action_flag": 2,
         "change_message": "[{\"changed\": {\"fields\": [\"Image\"]}}]"
      }
   },
   {
      "model": "admin.logentry",
      "pk": 16,
      "fields": {
         "action_time": "2021-03-11T12:46:30.679Z",
         "user": 1,
         "content_type": 14,
         "object_id": "4",
         "object_repr": "Mmm... Donuts Socks",
         "action_flag": 2,
         "change_message": "[{\"changed\": {\"fields\": [\"Image\"]}}]"
      }
   },
   {
      "model": "admin.logentry",
      "pk": 17,
      "fields": {
         "action_time": "2021-03-11T13:44:14.815Z",
         "user": 1,
         "content_type": 14,
         "object_id": "5",
         "object_repr": "Smart Ass Socks",
         "action_flag": 1,
         "change_message": "[{\"added\": {}}]"
      }
   },
   {
      "model": "admin.logentry",
      "pk": 18,
      "fields": {
         "action_time": "2021-03-11T13:46:30.309Z",
         "user": 1,
         "content_type": 14,
         "object_id": "6",
         "object_repr": "Not Drunk Socks",
         "action_flag": 1,
         "change_message": "[{\"added\": {}}]"
      }
   },
   {
      "model": "admin.logentry",
      "pk": 19,
      "fields": {
         "action_time": "2021-03-11T13:47:43.533Z",
         "user": 1,
         "content_type": 14,
         "object_id": "7",
         "object_repr": "Classic Guitars Socks",
         "action_flag": 1,
         "change_message": "[{\"added\": {}}]"
      }
   },
   {
      "model": "admin.logentry",
      "pk": 20,
      "fields": {
         "action_time": "2021-03-11T13:48:32.501Z",
         "user": 1,
         "content_type": 14,
         "object_id": "8",
         "object_repr": "Tacos Socks",
         "action_flag": 1,
         "change_message": "[{\"added\": {}}]"
      }
   },
   {
      "model": "admin.logentry",
      "pk": 21,
      "fields": {
         "action_time": "2021-03-11T13:48:45.618Z",
         "user": 1,
         "content_type": 14,
         "object_id": "7",
         "object_repr": "Classic Guitars Socks",
         "action_flag": 2,
         "change_message": "[{\"changed\": {\"fields\": [\"Sku\"]}}]"
      }
   },
   {
      "model": "admin.logentry",
      "pk": 22,
      "fields": {
         "action_time": "2021-03-11T13:48:55.051Z",
         "user": 1,
         "content_type": 14,
         "object_id": "6",
         "object_repr": "Not Drunk Socks",
         "action_flag": 2,
         "change_message": "[{\"changed\": {\"fields\": [\"Sku\"]}}]"
      }
   },
   {
      "model": "admin.logentry",
      "pk": 23,
      "fields": {
         "action_time": "2021-03-11T13:49:02.688Z",
         "user": 1,
         "content_type": 14,
         "object_id": "5",
         "object_repr": "Smart Ass Socks",
         "action_flag": 2,
         "change_message": "[{\"changed\": {\"fields\": [\"Sku\"]}}]"
      }
   },
   {
      "model": "admin.logentry",
      "pk": 24,
      "fields": {
         "action_time": "2021-03-11T13:49:13.981Z",
         "user": 1,
         "content_type": 14,
         "object_id": "5",
         "object_repr": "Smart Ass Socks",
         "action_flag": 2,
         "change_message": "[{\"changed\": {\"fields\": [\"Category\"]}}]"
      }
   },
   {
      "model": "admin.logentry",
      "pk": 25,
      "fields": {
         "action_time": "2021-03-11T15:52:33.449Z",
         "user": 1,
         "content_type": 14,
         "object_id": "9",
         "object_repr": "Pineapple Socks",
         "action_flag": 1,
         "change_message": "[{\"added\": {}}]"
      }
   },
   {
      "model": "admin.logentry",
      "pk": 26,
      "fields": {
         "action_time": "2021-03-11T15:53:19.032Z",
         "user": 1,
         "content_type": 14,
         "object_id": "10",
         "object_repr": "Helix Nebula Socks",
         "action_flag": 1,
         "change_message": "[{\"added\": {}}]"
      }
   },
   {
      "model": "admin.logentry",
      "pk": 27,
      "fields": {
         "action_time": "2021-03-11T15:55:13.532Z",
         "user": 1,
         "content_type": 14,
         "object_id": "11",
         "object_repr": "Purple Rooster Socks",
         "action_flag": 1,
         "change_message": "[{\"added\": {}}]"
      }
   },
   {
      "model": "admin.logentry",
      "pk": 28,
      "fields": {
         "action_time": "2021-03-11T15:55:57.167Z",
         "user": 1,
         "content_type": 14,
         "object_id": "12",
         "object_repr": "Rainbow Stripe Paw Prints Socks",
         "action_flag": 1,
         "change_message": "[{\"added\": {}}]"
      }
   },
   {
      "model": "admin.logentry",
      "pk": 29,
      "fields": {
         "action_time": "2021-03-11T15:56:57.174Z",
         "user": 1,
         "content_type": 14,
         "object_id": "13",
         "object_repr": "Great Wave Socks",
         "action_flag": 1,
         "change_message": "[{\"added\": {}}]"
      }
   },
   {
      "model": "admin.logentry",
      "pk": 30,
      "fields": {
         "action_time": "2021-03-11T15:57:44.695Z",
         "user": 1,
         "content_type": 14,
         "object_id": "14",
         "object_repr": "The Coolest Emperor Socks",
         "action_flag": 1,
         "change_message": "[{\"added\": {}}]"
      }
   },
   {
      "model": "admin.logentry",
      "pk": 31,
      "fields": {
         "action_time": "2021-03-11T15:58:21.061Z",
         "user": 1,
         "content_type": 14,
         "object_id": "15",
         "object_repr": "Flag Socks",
         "action_flag": 1,
         "change_message": "[{\"added\": {}}]"
      }
   },
   {
      "model": "admin.logentry",
      "pk": 32,
      "fields": {
         "action_time": "2021-03-11T15:59:28.163Z",
         "user": 1,
         "content_type": 14,
         "object_id": "16",
         "object_repr": "Broccoli Socks",
         "action_flag": 1,
         "change_message": "[{\"added\": {}}]"
      }
   },
   {
      "model": "admin.logentry",
      "pk": 33,
      "fields": {
         "action_time": "2021-03-11T16:00:10.463Z",
         "user": 1,
         "content_type": 14,
         "object_id": "17",
         "object_repr": "Squid And Whale Socks",
         "action_flag": 1,
         "change_message": "[{\"added\": {}}]"
      }
   },
   {
      "model": "admin.logentry",
      "pk": 34,
      "fields": {
         "action_time": "2021-03-11T16:00:50.461Z",
         "user": 1,
         "content_type": 14,
         "object_id": "18",
         "object_repr": "Music Notes Socks",
         "action_flag": 1,
         "change_message": "[{\"added\": {}}]"
      }
   },
   {
      "model": "admin.logentry",
      "pk": 35,
      "fields": {
         "action_time": "2021-03-11T16:01:42.259Z",
         "user": 1,
         "content_type": 14,
         "object_id": "19",
         "object_repr": "Squirrel Socks",
         "action_flag": 1,
         "change_message": "[{\"added\": {}}]"
      }
   },
   {
      "model": "admin.logentry",
      "pk": 36,
      "fields": {
         "action_time": "2021-03-11T16:02:37.516Z",
         "user": 1,
         "content_type": 14,
         "object_id": "20",
         "object_repr": "Tacky Holiday Sweater Socks",
         "action_flag": 1,
         "change_message": "[{\"added\": {}}]"
      }
   },
   {
      "model": "admin.logentry",
      "pk": 37,
      "fields": {
         "action_time": "2021-03-11T16:04:16.294Z",
         "user": 1,
         "content_type": 14,
         "object_id": "21",
         "object_repr": "Dumpster Fire Socks | Men's",
         "action_flag": 1,
         "change_message": "[{\"added\": {}}]"
      }
   },
   {
      "model": "admin.logentry",
      "pk": 38,
      "fields": {
         "action_time": "2021-03-11T16:04:55.681Z",
         "user": 1,
         "content_type": 14,
         "object_id": "22",
         "object_repr": "A Genius Composition Socks",
         "action_flag": 1,
         "change_message": "[{\"added\": {}}]"
      }
   },
   {
      "model": "admin.logentry",
      "pk": 39,
      "fields": {
         "action_time": "2021-03-11T16:05:37.188Z",
         "user": 1,
         "content_type": 14,
         "object_id": "9",
         "object_repr": "Pineapple Socks",
         "action_flag": 2,
         "change_message": "[{\"changed\": {\"fields\": [\"Category\"]}}]"
      }
   },
   {
      "model": "admin.logentry",
      "pk": 40,
      "fields": {
         "action_time": "2021-03-11T16:06:11.413Z",
         "user": 1,
         "content_type": 14,
         "object_id": "1",
         "object_repr": "Flamingo Socks",
         "action_flag": 2,
         "change_message": "[{\"changed\": {\"fields\": [\"Sku\"]}}]"
      }
   },
   {
      "model": "admin.logentry",
      "pk": 41,
      "fields": {
         "action_time": "2021-03-11T16:06:26.535Z",
         "user": 1,
         "content_type": 14,
         "object_id": "2",
         "object_repr": "Avocado Socks",
         "action_flag": 2,
         "change_message": "[{\"changed\": {\"fields\": [\"Sku\"]}}]"
      }
   },
   {
      "model": "admin.logentry",
      "pk": 42,
      "fields": {
         "action_time": "2021-03-11T16:06:38.302Z",
         "user": 1,
         "content_type": 14,
         "object_id": "3",
         "object_repr": "Sushi Socks",
         "action_flag": 2,
         "change_message": "[{\"changed\": {\"fields\": [\"Sku\"]}}]"
      }
   },
   {
      "model": "admin.logentry",
      "pk": 43,
      "fields": {
         "action_time": "2021-03-11T16:06:50.182Z",
         "user": 1,
         "content_type": 14,
         "object_id": "4",
         "object_repr": "Mmm... Donuts Socks",
         "action_flag": 2,
         "change_message": "[{\"changed\": {\"fields\": [\"Sku\"]}}]"
      }
   },
   {
      "model": "admin.logentry",
      "pk": 44,
      "fields": {
         "action_time": "2021-03-11T16:07:01.062Z",
         "user": 1,
         "content_type": 14,
         "object_id": "5",
         "object_repr": "Smart Ass Socks",
         "action_flag": 2,
         "change_message": "[{\"changed\": {\"fields\": [\"Sku\"]}}]"
      }
   },
   {
      "model": "admin.logentry",
      "pk": 45,
      "fields": {
         "action_time": "2021-03-11T16:07:13.266Z",
         "user": 1,
         "content_type": 14,
         "object_id": "6",
         "object_repr": "Not Drunk Socks",
         "action_flag": 2,
         "change_message": "[{\"changed\": {\"fields\": [\"Sku\"]}}]"
      }
   },
   {
      "model": "admin.logentry",
      "pk": 46,
      "fields": {
         "action_time": "2021-03-11T16:08:02.423Z",
         "user": 1,
         "content_type": 14,
         "object_id": "7",
         "object_repr": "Classic Guitars Socks",
         "action_flag": 2,
         "change_message": "[{\"changed\": {\"fields\": [\"Sku\"]}}]"
      }
   },
   {
      "model": "admin.logentry",
      "pk": 47,
      "fields": {
         "action_time": "2021-03-11T16:08:14.102Z",
         "user": 1,
         "content_type": 14,
         "object_id": "8",
         "object_repr": "Tacos Socks",
         "action_flag": 2,
         "change_message": "[{\"changed\": {\"fields\": [\"Sku\"]}}]"
      }
   },
   {
      "model": "admin.logentry",
      "pk": 48,
      "fields": {
         "action_time": "2021-03-11T16:08:26.653Z",
         "user": 1,
         "content_type": 14,
         "object_id": "9",
         "object_repr": "Pineapple Socks",
         "action_flag": 2,
         "change_message": "[{\"changed\": {\"fields\": [\"Sku\"]}}]"
      }
   },
   {
      "model": "admin.logentry",
      "pk": 49,
      "fields": {
         "action_time": "2021-03-11T16:08:36.969Z",
         "user": 1,
         "content_type": 14,
         "object_id": "10",
         "object_repr": "Helix Nebula Socks",
         "action_flag": 2,
         "change_message": "[{\"changed\": {\"fields\": [\"Sku\"]}}]"
      }
   },
   {
      "model": "admin.logentry",
      "pk": 50,
      "fields": {
         "action_time": "2021-03-11T16:08:47.571Z",
         "user": 1,
         "content_type": 14,
         "object_id": "11",
         "object_repr": "Purple Rooster Socks",
         "action_flag": 2,
         "change_message": "[{\"changed\": {\"fields\": [\"Sku\"]}}]"
      }
   },
   {
      "model": "admin.logentry",
      "pk": 51,
      "fields": {
         "action_time": "2021-03-11T16:08:57.278Z",
         "user": 1,
         "content_type": 14,
         "object_id": "12",
         "object_repr": "Rainbow Stripe Paw Prints Socks",
         "action_flag": 2,
         "change_message": "[{\"changed\": {\"fields\": [\"Sku\"]}}]"
      }
   },
   {
      "model": "admin.logentry",
      "pk": 52,
      "fields": {
         "action_time": "2021-03-11T16:09:07.969Z",
         "user": 1,
         "content_type": 14,
         "object_id": "13",
         "object_repr": "Great Wave Socks",
         "action_flag": 2,
         "change_message": "[{\"changed\": {\"fields\": [\"Sku\"]}}]"
      }
   },
   {
      "model": "admin.logentry",
      "pk": 53,
      "fields": {
         "action_time": "2021-03-11T16:09:17.586Z",
         "user": 1,
         "content_type": 14,
         "object_id": "14",
         "object_repr": "The Coolest Emperor Socks",
         "action_flag": 2,
         "change_message": "[{\"changed\": {\"fields\": [\"Sku\"]}}]"
      }
   },
   {
      "model": "admin.logentry",
      "pk": 54,
      "fields": {
         "action_time": "2021-03-11T16:09:27.335Z",
         "user": 1,
         "content_type": 14,
         "object_id": "15",
         "object_repr": "Flag Socks",
         "action_flag": 2,
         "change_message": "[{\"changed\": {\"fields\": [\"Sku\"]}}]"
      }
   },
   {
      "model": "admin.logentry",
      "pk": 55,
      "fields": {
         "action_time": "2021-03-11T16:09:38.474Z",
         "user": 1,
         "content_type": 14,
         "object_id": "16",
         "object_repr": "Broccoli Socks",
         "action_flag": 2,
         "change_message": "[{\"changed\": {\"fields\": [\"Sku\"]}}]"
      }
   },
   {
      "model": "admin.logentry",
      "pk": 56,
      "fields": {
         "action_time": "2021-03-11T16:09:48.355Z",
         "user": 1,
         "content_type": 14,
         "object_id": "17",
         "object_repr": "Squid And Whale Socks",
         "action_flag": 2,
         "change_message": "[{\"changed\": {\"fields\": [\"Sku\"]}}]"
      }
   },
   {
      "model": "admin.logentry",
      "pk": 57,
      "fields": {
         "action_time": "2021-03-11T16:09:57.704Z",
         "user": 1,
         "content_type": 14,
         "object_id": "18",
         "object_repr": "Music Notes Socks",
         "action_flag": 2,
         "change_message": "[{\"changed\": {\"fields\": [\"Sku\"]}}]"
      }
   },
   {
      "model": "admin.logentry",
      "pk": 58,
      "fields": {
         "action_time": "2021-03-11T16:10:06.588Z",
         "user": 1,
         "content_type": 14,
         "object_id": "19",
         "object_repr": "Squirrel Socks",
         "action_flag": 2,
         "change_message": "[{\"changed\": {\"fields\": [\"Sku\"]}}]"
      }
   },
   {
      "model": "admin.logentry",
      "pk": 59,
      "fields": {
         "action_time": "2021-03-11T16:10:15.579Z",
         "user": 1,
         "content_type": 14,
         "object_id": "20",
         "object_repr": "Tacky Holiday Sweater Socks",
         "action_flag": 2,
         "change_message": "[{\"changed\": {\"fields\": [\"Sku\"]}}]"
      }
   },
   {
      "model": "admin.logentry",
      "pk": 60,
      "fields": {
         "action_time": "2021-03-11T16:10:24.790Z",
         "user": 1,
         "content_type": 14,
         "object_id": "21",
         "object_repr": "Dumpster Fire Socks | Men's",
         "action_flag": 2,
         "change_message": "[{\"changed\": {\"fields\": [\"Sku\"]}}]"
      }
   },
   {
      "model": "admin.logentry",
      "pk": 61,
      "fields": {
         "action_time": "2021-03-11T16:10:34.500Z",
         "user": 1,
         "content_type": 14,
         "object_id": "22",
         "object_repr": "A Genius Composition Socks",
         "action_flag": 2,
         "change_message": "[{\"changed\": {\"fields\": [\"Sku\"]}}]"
      }
   },
   {
      "model": "admin.logentry",
      "pk": 62,
      "fields": {
         "action_time": "2021-03-11T16:10:51.625Z",
         "user": 1,
         "content_type": 14,
         "object_id": "20",
         "object_repr": "Tacky Holiday Sweater Socks",
         "action_flag": 2,
         "change_message": "[{\"changed\": {\"fields\": [\"Price\"]}}]"
      }
   },
   {
      "model": "admin.logentry",
      "pk": 63,
      "fields": {
         "action_time": "2021-03-11T16:12:28.092Z",
         "user": 1,
         "content_type": 14,
         "object_id": "23",
         "object_repr": "Shhh ... I'm Overthinking Socks",
         "action_flag": 1,
         "change_message": "[{\"added\": {}}]"
      }
   },
   {
      "model": "admin.logentry",
      "pk": 64,
      "fields": {
         "action_time": "2021-03-11T16:13:26.282Z",
         "user": 1,
         "content_type": 14,
         "object_id": "24",
         "object_repr": "Wine And Coffee Socks",
         "action_flag": 1,
         "change_message": "[{\"added\": {}}]"
      }
   },
   {
      "model": "admin.logentry",
      "pk": 65,
      "fields": {
         "action_time": "2021-03-11T16:15:31.208Z",
         "user": 1,
         "content_type": 14,
         "object_id": "25",
         "object_repr": "Coffee Socks",
         "action_flag": 1,
         "change_message": "[{\"added\": {}}]"
      }
   },
   {
      "model": "admin.logentry",
      "pk": 66,
      "fields": {
         "action_time": "2021-03-11T16:16:20.009Z",
         "user": 1,
         "content_type": 14,
         "object_id": "26",
         "object_repr": "Donut Socks",
         "action_flag": 1,
         "change_message": "[{\"added\": {}}]"
      }
   },
   {
      "model": "admin.logentry",
      "pk": 67,
      "fields": {
         "action_time": "2021-03-11T16:16:59.956Z",
         "user": 1,
         "content_type": 14,
         "object_id": "27",
         "object_repr": "Tacos Socks",
         "action_flag": 1,
         "change_message": "[{\"added\": {}}]"
      }
   },
   {
      "model": "admin.logentry",
      "pk": 68,
      "fields": {
         "action_time": "2021-03-11T16:17:38.821Z",
         "user": 1,
         "content_type": 14,
         "object_id": "28",
         "object_repr": "Sloth Stripe Socks",
         "action_flag": 1,
         "change_message": "[{\"added\": {}}]"
      }
   },
   {
      "model": "admin.logentry",
      "pk": 69,
      "fields": {
         "action_time": "2021-03-11T16:18:25.719Z",
         "user": 1,
         "content_type": 14,
         "object_id": "29",
         "object_repr": "Ocean Gets Me Socks",
         "action_flag": 1,
         "change_message": "[{\"added\": {}}]"
      }
   },
   {
      "model": "admin.logentry",
      "pk": 70,
      "fields": {
         "action_time": "2021-03-11T16:19:02.907Z",
         "user": 1,
         "content_type": 14,
         "object_id": "30",
         "object_repr": "A Genius Composition Socks",
         "action_flag": 1,
         "change_message": "[{\"added\": {}}]"
      }
   },
   {
      "model": "admin.logentry",
      "pk": 71,
      "fields": {
         "action_time": "2021-03-11T16:20:04.502Z",
         "user": 1,
         "content_type": 14,
         "object_id": "31",
         "object_repr": "Superpower Socks",
         "action_flag": 1,
         "change_message": "[{\"added\": {}}]"
      }
   },
   {
      "model": "admin.logentry",
      "pk": 72,
      "fields": {
         "action_time": "2021-03-11T16:20:36.160Z",
         "user": 1,
         "content_type": 14,
         "object_id": "32",
         "object_repr": "Starry Night Socks",
         "action_flag": 1,
         "change_message": "[{\"added\": {}}]"
      }
   },
   {
      "model": "admin.logentry",
      "pk": 73,
      "fields": {
         "action_time": "2021-03-11T16:21:11.686Z",
         "user": 1,
         "content_type": 14,
         "object_id": "33",
         "object_repr": "I Don't Give A Flock Socks",
         "action_flag": 1,
         "change_message": "[{\"added\": {}}]"
      }
   },
   {
      "model": "admin.logentry",
      "pk": 74,
      "fields": {
         "action_time": "2021-03-11T16:21:46.529Z",
         "user": 1,
         "content_type": 14,
         "object_id": "34",
         "object_repr": "In Loving Memory Of Sleep Socks",
         "action_flag": 1,
         "change_message": "[{\"added\": {}}]"
      }
   },
   {
      "model": "admin.logentry",
      "pk": 75,
      "fields": {
         "action_time": "2021-03-11T16:22:35.381Z",
         "user": 1,
         "content_type": 14,
         "object_id": "35",
         "object_repr": "Always Be A Unicorn Socks",
         "action_flag": 1,
         "change_message": "[{\"added\": {}}]"
      }
   },
   {
      "model": "admin.logentry",
      "pk": 76,
      "fields": {
         "action_time": "2021-03-11T16:25:07.918Z",
         "user": 1,
         "content_type": 14,
         "object_id": "36",
         "object_repr": "When Pigs Fly Socks",
         "action_flag": 1,
         "change_message": "[{\"added\": {}}]"
      }
   },
   {
      "model": "admin.logentry",
      "pk": 77,
      "fields": {
         "action_time": "2021-03-11T16:25:57.870Z",
         "user": 1,
         "content_type": 14,
         "object_id": "37",
         "object_repr": "Rainbow Stripe Paw Prints Socks",
         "action_flag": 1,
         "change_message": "[{\"added\": {}}]"
      }
   },
   {
      "model": "admin.logentry",
      "pk": 78,
      "fields": {
         "action_time": "2021-03-11T16:27:03.183Z",
         "user": 1,
         "content_type": 14,
         "object_id": "38",
         "object_repr": "Elephant Love Socks",
         "action_flag": 1,
         "change_message": "[{\"added\": {}}]"
      }
   },
   {
      "model": "admin.logentry",
      "pk": 79,
      "fields": {
         "action_time": "2021-03-11T16:27:39.698Z",
         "user": 1,
         "content_type": 14,
         "object_id": "39",
         "object_repr": "Majestic Butterflies Socks",
         "action_flag": 1,
         "change_message": "[{\"added\": {}}]"
      }
   },
   {
      "model": "admin.logentry",
      "pk": 80,
      "fields": {
         "action_time": "2021-03-11T16:28:14.362Z",
         "user": 1,
         "content_type": 14,
         "object_id": "40",
         "object_repr": "Screaming Goats Socks",
         "action_flag": 1,
         "change_message": "[{\"added\": {}}]"
      }
   },
   {
      "model": "admin.logentry",
      "pk": 81,
      "fields": {
         "action_time": "2021-03-11T16:28:52.596Z",
         "user": 1,
         "content_type": 14,
         "object_id": "41",
         "object_repr": "Leopard Print Socks",
         "action_flag": 1,
         "change_message": "[{\"added\": {}}]"
      }
   },
   {
      "model": "admin.logentry",
      "pk": 82,
      "fields": {
         "action_time": "2021-03-11T16:29:44.265Z",
         "user": 1,
         "content_type": 14,
         "object_id": "42",
         "object_repr": "Stop Talking Socks",
         "action_flag": 1,
         "change_message": "[{\"added\": {}}]"
      }
   },
   {
      "model": "admin.logentry",
      "pk": 83,
      "fields": {
         "action_time": "2021-03-11T16:30:45.460Z",
         "user": 1,
         "content_type": 14,
         "object_id": "43",
         "object_repr": "Relaxed Rabbit Socks",
         "action_flag": 1,
         "change_message": "[{\"added\": {}}]"
      }
   },
   {
      "model": "admin.logentry",
      "pk": 84,
      "fields": {
         "action_time": "2021-03-15T15:00:21.995Z",
         "user": 1,
         "content_type": 14,
         "object_id": "1",
         "object_repr": "Flamingo Socks",
         "action_flag": 2,
         "change_message": "[{\"changed\": {\"fields\": [\"Rating\"]}}]"
      }
   },
   {
      "model": "admin.logentry",
      "pk": 85,
      "fields": {
         "action_time": "2021-03-15T15:02:39.813Z",
         "user": 1,
         "content_type": 14,
         "object_id": "1",
         "object_repr": "Flamingo Socks",
         "action_flag": 2,
         "change_message": "[{\"changed\": {\"fields\": [\"Rating\"]}}]"
      }
   },
   {
      "model": "admin.logentry",
      "pk": 86,
      "fields": {
         "action_time": "2021-03-17T10:33:31.019Z",
         "user": 1,
         "content_type": 14,
         "object_id": "2",
         "object_repr": "Avocado Socks",
         "action_flag": 2,
         "change_message": "[]"
      }
   },
   {
      "model": "admin.logentry",
      "pk": 87,
      "fields": {
         "action_time": "2021-03-17T10:33:47.387Z",
         "user": 1,
         "content_type": 14,
         "object_id": "1",
         "object_repr": "Flamingo Socks",
         "action_flag": 2,
         "change_message": "[]"
      }
   },
   {
      "model": "admin.logentry",
      "pk": 88,
      "fields": {
         "action_time": "2021-03-17T10:38:05.559Z",
         "user": 1,
         "content_type": 14,
         "object_id": "2",
         "object_repr": "Avocado Socks",
         "action_flag": 2,
         "change_message": "[{\"changed\": {\"fields\": [\"Image url\"]}}]"
      }
   },
   {
      "model": "admin.logentry",
      "pk": 89,
      "fields": {
         "action_time": "2021-04-26T13:05:21.928Z",
         "user": 1,
         "content_type": 14,
         "object_id": "45",
         "object_repr": "testing with image",
         "action_flag": 3,
         "change_message": ""
      }
   },
   {
      "model": "admin.logentry",
      "pk": 90,
      "fields": {
         "action_time": "2021-04-26T13:05:21.963Z",
         "user": 1,
         "content_type": 14,
         "object_id": "44",
         "object_repr": "testing",
         "action_flag": 3,
         "change_message": ""
      }
   },
   {
      "model": "auth.user",
      "pk": 1,
      "fields": {
         "password": "pbkdf2_sha256$216000$NMJ7Mx1ZXPnE$oCDyzVJms1j+GaiihMUCD1jqkJGQPttc/UBMdoiMUFU=",
         "last_login": "2021-04-29T12:42:57.721Z",
         "is_superuser": true,
         "username": "roosticles",
         "first_name": "",
         "last_name": "",
         "email": "ryu321@hotmail.com",
         "is_staff": true,
         "is_active": true,
         "date_joined": "2021-03-09T12:30:18.516Z",
         "groups": [],
         "user_permissions": []
      }
   },
   {
      "model": "auth.user",
      "pk": 2,
      "fields": {
         "password": "pbkdf2_sha256$216000$fOp5i9BlXaNW$DPFtl5LCm90elRgjl5ydHsOka7sUOs5o7BzYsXFNR9M=",
         "last_login": "2021-04-23T07:21:15.325Z",
         "is_superuser": false,
         "username": "2oosticles",
         "first_name": "",
         "last_name": "",
         "email": "roosticles@outlook.com",
         "is_staff": false,
         "is_active": true,
         "date_joined": "2021-04-22T14:18:16.965Z",
         "groups": [],
         "user_permissions": []
      }
   },
   {
      "model": "sessions.session",
      "pk": "22eaf00a3dp57vwzngeb2xxr7f6p4fvx",
      "fields": {
         "session_data": ".eJxljEEOgjAURO_SNSHQQoss3XuG5vf3I1VsTUuNxnh3wRAT424y7808GSCG7Gd9o-gGR1bTBdzEep-nqfjSnCiynnFWMA15Hj-Fdva_M4Bn8iuwJ_DHUGLwc3SmXJVyo6k8BEvTfnN_DkZI47JWg6lrwavK1AJ2O0JZwRJQtSAsEJiGy0YiDkqhEl3NpWg4Ae9aY4CDWk8TpeSC13S_uvhgffV6A3wPULI:1lZaBl:TqPH69YvHHombT8W6vYbDBSczXjE54t7uWi_eJ2LIy4",
         "expire_date": "2021-05-06T14:20:17.674Z"
      }
   },
   {
      "model": "sessions.session",
      "pk": "2f7avs4lyunzz3q421od3tzsy53sepmv",
      "fields": {
         "session_data": ".eJyrVkpOLCpRsqpWMgYRmSWpucXxSZXxxZlVqSCBXCUr49paHSUjXLIWtUAAADlkF68:1lNxoW:BWm_8M-eeTaDjFa82BIY8soqrYlqV3OSUnzjJQHezCo",
         "expire_date": "2021-04-04T13:08:16.479Z"
      }
   },
   {
      "model": "sessions.session",
      "pk": "2wszo6zxkeen6n2d1wdx2qlqvi36y73z",
      "fields": {
         "session_data": ".eJxVjDsOgzAQBe-yNbLWP2K7TJ8zoLW9DiQRSBgqxN0DEkXSvpk3G3S0Ln23Vp67IUMACc3vFim9eTxBftH4nESaxmUeojgVcdEqHlPmz_1y_wI91f54I2JhaouTRmtzi4VlzCoxO6ksISZfkKRzmqLmiNrK6IvxuWQrWbf-iCaaFwgbKAi2AWUgqH3_AvqXPZA:1lMXxf:B_QF8urUtGPEaNB5LYazr8-MY0_rDyp0FJkIiUFuous",
         "expire_date": "2021-03-31T15:19:51.878Z"
      }
   },
   {
      "model": "sessions.session",
      "pk": "6ukscbuau5ndylwdxme1mtuq8qilusvv",
      "fields": {
         "session_data": ".eJxVjEEOwiAQRe_C2pChtBW6dO8ZyAwMFjXQlDbRGO-uTbrQ7X_vv5dwuC6jWyvPLgUxCCUOvxuhv3HeQLhivhTpS17mRHJT5E6rPJfA99Pu_gVGrOP3DQCRsY9GtVq3R4qsKDSe2aimQwBvI6AyRiNpJtCdIhtbG2LoFOvebtHKtaaSHT-mND_FAO8Pl_w_Wg:1lc0Yc:7SRO0E6IPqq1Zu5Ou6S6QiYtgiDsMSLSoPWgEQEgrUo",
         "expire_date": "2021-05-13T06:53:54.553Z"
      }
   },
   {
      "model": "sessions.session",
      "pk": "7xgmy5p8fjdf4ja256ldivan6f5j5bj1",
      "fields": {
         "session_data": ".eJxVjEEOwiAQRe8ya0OG0lbo0r1nIAMMFjXQlDbRGO-uTbrp9r_3_gds5VpTyZZfU5rfMOAJLK3LaNfKs00BBpBw2Bz5B-cNhDvlWxG-5GVOTmyK2GkV1xL4edndw8FIdfzXiBiZ-qhlq1R7dpGlC41n1rLpCNGbiCS1VuQUO1SddCa2JsTQSVa9ge8PFE0_Wg:1lJbrl:74QcsV8gIUvYcYe6d7z7Zcnf3CVA2jV_Fl5HA_Xet-A",
         "expire_date": "2021-03-23T12:53:37.834Z"
      }
   },
   {
      "model": "sessions.session",
      "pk": "8dfcpkzt0u31ysy0k02axko2af4uq9w0",
      "fields": {
         "session_data": ".eJxVjEEOwiAQRe_C2pChtBW6dO8ZyAwMFjXQlDbRGO-uTbrQ7X_vv5dwuC6jWyvPLgUxCCUOvxuhv3HeQLhivhTpS17mRHJT5E6rPJfA99Pu_gVGrOP3DQCRsY9GtVq3R4qsKDSe2aimQwBvI6AyRiNpJtCdIhtbG2LoFOvebtHKtaaSHT-mND_FAO8Pl_w_Wg:1lZTn1:aHZsTexHWUi5PkyLmoI3oZlWMWZ2LlByylXFZ1QuHuI",
         "expire_date": "2021-05-06T07:30:19.709Z"
      }
   },
   {
      "model": "sessions.session",
      "pk": "9aywpyek1bqqe35qpt3w47740bhw7rvc",
      "fields": {
         "session_data": ".eJxVjMsOwiAURP-FdUN4tFC7dO83kHvh1qIGDLRGY_x326QL3U1mzpw3c7DMk1sqFRcDG5hizW-H4K-UtiFcIJ0z9znNJSLfEL6vlZ9yoNtxZ_8EE9RpfdsRpdRKCJQaDgfyRsAavO1AByDAVpnWeD9a663upTK6VQSq7xBBgd2klWqNOTl63mN5sUE0rMKDXExjZsNcFvp8AezlRUU:1lZuJA:SSmuGr7-paDKas3emddlwJ1pSljVy3uA0XqlK3WwPOA",
         "expire_date": "2021-05-07T11:49:16.255Z"
      }
   },
   {
      "model": "sessions.session",
      "pk": "j2c1l9a01gpxw9ddwjr8jv7vdxogk3fn",
      "fields": {
         "session_data": ".eJxVjEEOwiAQRe_C2pChtBW6dO8ZyAwMFjXQlDbRGO-uTbrQ7X_vv5dwuC6jWyvPLgUxCCUOvxuhv3HeQLhivhTpS17mRHJT5E6rPJfA99Pu_gVGrOP3DQCRsY9GtVq3R4qsKDSe2aimQwBvI6AyRiNpJtCdIhtbG2LoFOvebtHKtaaSHT-mND_FAO8Pl_w_Wg:1lbM4J:trKFB9idYWLDXyBfihSiemnkrugEKumm9nd9Jkh76mE",
         "expire_date": "2021-05-11T11:39:55.445Z"
      }
   },
   {
      "model": "sessions.session",
      "pk": "m22khjpabn68b9qvyl69vngpp9x1ncol",
      "fields": {
         "session_data": ".eJxVjEEOwiAQRe_C2pChtBW6dO8ZyAwMFjXQlDbRGO-uTbrQ7X_vv5dwuC6jWyvPLgUxCCUOvxuhv3HeQLhivhTpS17mRHJT5E6rPJfA99Pu_gVGrOP3DQCRsY9GtVq3R4qsKDSe2aimQwBvI6AyRiNpJtCdIhtbG2LoFOvebtHKtaaSHT-mND_FAO8Pl_w_Wg:1lb4SB:FVhXzHbpKV61G1nphj61H75VjHuFwPTXP-OaUPaNLxA",
         "expire_date": "2021-05-10T16:51:23.399Z"
      }
   },
   {
      "model": "sessions.session",
      "pk": "q6vhjbel2ebmac1lpccnwx6kzm71e1gs",
      "fields": {
         "session_data": "e30:1lZTVp:xM4l9Nf0bsMzwKoLYtzp77HhFOTAkrcZQ-wUWOdMbRg",
         "expire_date": "2021-05-06T07:12:33.471Z"
      }
   },
   {
      "model": "sessions.session",
      "pk": "sfebxnsif69oltpjsuzm0cj446aedi8b",
      "fields": {
         "session_data": ".eJyrVkpOLCpRsqpWMlSyMtRRMgIxM0tSc4vjkyrjizOrUkECuUpWJrW1OkrGuGQNa4EAAI9hGLU:1lMuDI:r0yrPrCqT9X_YY5WMTYBMNlF-lhz4x-SYF8dRGxj4Qc",
         "expire_date": "2021-04-01T15:05:28.723Z"
      }
   },
   {
      "model": "sessions.session",
      "pk": "syufwdf6794gf13oczxbl2e64cq1opaj",
      "fields": {
         "session_data": "e30:1lZETX:cUFNx59oNIwDXjiRWmMYvu4cgmJc94-1v9UsfmpzCf0",
         "expire_date": "2021-05-05T15:09:11.525Z"
      }
   },
   {
      "model": "sessions.session",
      "pk": "tgcmsyk90wsxqialvnp0qptbacikr78t",
      "fields": {
         "session_data": "e30:1lZTWp:gRhyS5INXtcPXIUwMC3JGLCLQr_vIGbkZM--FC0TECU",
         "expire_date": "2021-05-06T07:13:35.544Z"
      }
   },
   {
      "model": "sessions.session",
      "pk": "vpcrwtt3q8utpn66dnb9niu1dixusvcx",
      "fields": {
         "session_data": ".eJyrVkpOLCpRsqpWMgYRmSWpucXxSZXxxZlVqSCBXCUrw9paHSUjA7zSZjhldZRyYEbgUmNUCwQACvgs2g:1lNBdT:lCkaPmF1-FewshTNXqU_QKz9drgOceWUX_FOEKfa3SQ",
         "expire_date": "2021-04-02T09:41:39.178Z"
      }
   },
   {
      "model": "sessions.session",
      "pk": "vqfg9ynnmc27a2o4da4eiazyjybvag68",
      "fields": {
         "session_data": ".eJxVjrtuhDAQRX8FTY2QjWEDlOlTpVxWlh_jxRseK8ZIISv-PbZEs80U5565My8wag3QvaCq0vQBJ5J6l-T_MIEJOn4cRw5SbWGQG-EqvYUOOLwxrcwPzimwDzXfl8Isc1i9LpJSnCkVX4vF8fN03woGRUPcZow5VBfX8EqI6kM75NqWBrHhZa0YM61jijeNUFqgZqLmunVVa52tOYpLm0oJifwyS_x9-nWHjkU2RabuSPHE9dqDlA-Kxkl7yFle1nkP35sxkbltHPcsvooBbVZmz3WxmwlU9HC7wfEPRvVngA:1lb0vS:y7IZbaqOlDXiCy5KDGbmB0oVip5vmtd30WBD3Mm8-sE",
         "expire_date": "2021-05-10T13:05:22.009Z"
      }
   },
   {
      "model": "sessions.session",
      "pk": "vv02jdf5mha1t6fxwq9tmly7rf1otvnf",
      "fields": {
         "session_data": ".eJxVjEEOgjAQRe_StWlmKGDr0j1naGY6U0ENTSisjHdXEha6_e-9_zKRtnWMW9UlTmIuBs3pd2NKD513IHeab8WmMq_LxHZX7EGrHYro83q4fwcj1fFbA0BW6rPH1rn2zFmRpUmqHpuOAFLIQOi9I3bK4DrkkNsgWTpU1wfz_gDrYjgd:1lc60P:iQ_nU0MTMFDBwqzkyJmqigk7mdQtHwJGjZDfsUN8MQ8",
         "expire_date": "2021-05-13T12:42:57.914Z"
      }
   },
   {
      "model": "sessions.session",
      "pk": "w3in092s7l9g9pq4uuejxri6wjc8bd86",
      "fields": {
         "session_data": ".eJxVjNEKgzAMRf8lzyKNVdf6tv1ISWuKZVrB1sEm-_fp8GHLw4Wcm5wNDK15MGvixYQeOkAofpkld-d4FDSOBy7JuXmNufzenHUqr_vGMQdHOczxdn79qQZKw-4RQnim1iuspawv1jPavnLMCquGhHDaC0KlJFnJVsgGrfa17n3fIMtW79JEDzYh-hm6vKxcgKMlQ7eBxCND5ikZ-zQpvPgAE3T43ucDY2pP4w:1lP58K:cZCUEYtF9G2yyMbK-XaE3sPEMLe86f0HFkgNDxqzU88",
         "expire_date": "2021-04-07T15:09:20.708Z"
      }
   },
   {
      "model": "sites.site",
      "pk": 1,
      "fields": { "domain": "houseofsock.example.com", "name": "House of Sock" }
   },
   {
      "model": "account.emailaddress",
      "pk": 1,
      "fields": {
         "user": 1,
         "email": "ryu321@hotmail.com",
         "verified": true,
         "primary": true
      }
   },
   {
      "model": "account.emailaddress",
      "pk": 2,
      "fields": {
         "user": 2,
         "email": "roosticles@outlook.com",
         "verified": true,
         "primary": true
      }
   },
   {
      "model": "products.category",
      "pk": 1,
      "fields": { "name": "mens_socks", "friendly_name": "Mens Socks" }
   },
   {
      "model": "products.category",
      "pk": 2,
      "fields": { "name": "womens_socks", "friendly_name": "Womens Socks" }
   },
   {
      "model": "products.product",
      "pk": 1,
      "fields": {
         "category": 1,
         "sku": "ms101flam",
         "name": "Flamingo Socks",
         "description": "Flamingos: not just lawn ornaments. Rock these colorful socks with your shortest shorts for an outfit that screams “leisure,” or under your business casual work attire to make it clear you have Miami on the mind. Pair with an after work cocktail to make it feel like you aren’t already fed up with the week on Monday.",
         "size": true,
         "price": "10.00",
         "rating": "5.00",
         "image_url": "https://github.com/RyanSyme/house-of-sock/blob/b02a07854719601e0ef7426a3cd7dee4287ede1e/media/Socksmith_Flamingo_Funny_Mens_Socks_Navy_IMG_7182f_360x.jpg/1171fa5d03020bf904556920274c138660ad34ba/media/Socksmith_Flamingo_Funny_Mens_Socks_Navy_IMG_7182f_360x.jpg",
         "image": "Socksmith_Flamingo_Funny_Mens_Socks_Navy_IMG_7182f_360x_UnO5HY1.jpg"
      }
   },
   {
      "model": "products.product",
      "pk": 2,
      "fields": {
         "category": 1,
         "sku": "ms102avoc",
         "name": "Avocado Socks",
         "description": "You must be from California. You add avocado to your sandwiches, smoothies, omelets and burritos, so why not add some to your wardrobe? Wear these creamy treat on your feet in either blue or brown fun socks, but remember one thing: they are the good kind of fat.",
         "size": true,
         "price": "10.00",
         "rating": null,
         "image_url": null,
         "image": "socksmith_avocados_blue_fun_mens_socks_360x_Fzi0M2p.jpg"
      }
   },
   {
      "model": "products.product",
      "pk": 3,
      "fields": {
         "category": 1,
         "sku": "ms103sush",
         "name": "Sushi Socks",
         "description": "Constantly thinking about sushi? Look no further for colorful socks that will satisfy your mouth-watering cravings. These cool sushi socks provide everything you need to have an awesome dinner: chopsticks, rolls, sashimi, and even edamame. Bonus: no need to cash out on a crazy expensive meal when you can get your fix every time you open your sock drawer.",
         "size": true,
         "price": "10.00",
         "rating": null,
         "image_url": "https://github.com/RyanSyme/house-of-sock/blob/b02a07854719601e0ef7426a3cd7dee4287ede1e/media/Socksmith_Sushi_blue_socks_cool_mens_socks_360x.jpg",
         "image": "Socksmith_Sushi_blue_socks_cool_mens_socks_360x_6KUTmzc.jpg"
      }
   },
   {
      "model": "products.product",
      "pk": 4,
      "fields": {
         "category": 1,
         "sku": "ms104mmmd",
         "name": "Mmm... Donuts Socks",
         "description": "If you have a Homer Simpson-esque obsession for colorful, sugary donuts… look no further than these awesome Socksmith pairs. Make this dessert a part of your morning routine alongside your daily cup of joe.",
         "size": true,
         "price": "10.00",
         "rating": null,
         "image_url": "https://github.com/RyanSyme/house-of-sock/blob/b02a07854719601e0ef7426a3cd7dee4287ede1e/media/socksmith_donuts_in_blue_awesome_mens_socks_360x.jpg",
         "image": "socksmith_donuts_in_blue_awesome_mens_socks_360x_nMQApHQ.jpg"
      }
   },
   {
      "model": "products.product",
      "pk": 5,
      "fields": {
         "category": 1,
         "sku": "ms105smar",
         "name": "Smart Ass Socks",
         "description": "OK, genius. Can you figure out what these funny men’s socks mean? They feature a donkey graduate wearing a mortarboard and glasses. That’s right ... it’s a concept you’re really familiar with. It’s a smart ass! These hilariously irreverent socks are just right for the man who always has some kind of comeback ready. They're also a perfect gift for graduation!",
         "size": true,
         "price": "10.00",
         "rating": null,
         "image_url": null,
         "image": "socksmith_mens_smart_ass_crew_socks_590x.jpg"
      }
   },
   {
      "model": "products.product",
      "pk": 6,
      "fields": {
         "category": 1,
         "sku": "ms106notd",
         "name": "Not Drunk Socks",
         "description": "Uh-oh! Something went wrong on these wildly funny men’s drinking socks. They say, “Are you drunk?” and have boxes for you to check “Yes” or “No.” But it looks like you missed the boxes altogether! That certainly does answer the question, though! These make a great gift idea for a friend or loved one who you enjoy tying one on with from time to time. Cheers!",
         "size": true,
         "price": "12.00",
         "rating": null,
         "image_url": null,
         "image": "K.Bell_mens_not_drunk_crew_socks_590x.jpg"
      }
   },
   {
      "model": "products.product",
      "pk": 7,
      "fields": {
         "category": 1,
         "sku": "ms107clas",
         "name": "Classic Guitars Socks",
         "description": "We’ve got a great pick for all you music lovers out there! These cool guitar socks for men feature an awesome pattern of all your favorite six-string classics, both acoustic and electric. They make a great gift idea for a guitar player or anyone who likes to rock out from time to time. Get ready for the solo!",
         "size": true,
         "price": "12.00",
         "rating": null,
         "image_url": null,
         "image": "modsocks_mens_classic_guitars_socks_590x.jpg"
      }
   },
   {
      "model": "products.product",
      "pk": 8,
      "fields": {
         "category": 1,
         "sku": "ms108taco",
         "name": "Tacos Socks",
         "description": "These socks will give em’ something to taco bout. Dive feet first into your favorite meal featured on your favorite fun clothing item, in either purple or black. One thing we ask is that no matter how impossibly hungry you get, just please don’t try and eat these tacos.",
         "size": true,
         "price": "10.00",
         "rating": null,
         "image_url": null,
         "image": "IMG_9484_360x.jpg"
      }
   },
   {
      "model": "products.product",
      "pk": 9,
      "fields": {
         "category": 1,
         "sku": "ms109pina",
         "name": "Pineapple Socks",
         "description": "Dreaming of the beach, but not able to go? Then pull on these fun men’s food and drink socks! Their tropical vibe is sure to transport you to a sunny, ocean-front location. We love the sunglasses-wearing pineapples on these unique socks, especially since they appear to be sipping something tasty and tropical from a coconut. Mai tai, maybe? Pina colada? Mmm, the possibilities sound delicious!",
         "size": true,
         "price": "10.00",
         "rating": null,
         "image_url": null,
         "image": "socksmith_aloha_pineapple_mens_crew_socks_480x.jpg"
      }
   },
   {
      "model": "products.product",
      "pk": 10,
      "fields": {
         "category": 1,
         "sku": "ms110heli",
         "name": "Helix Nebula Socks",
         "description": "There are things out there on the edges of the cosmos that are just plain awesome, and the Helix Nebula might be right at the top of that list. These extremely cool outer space socks render that amazing celestial body in neon purple, orange, yellow and blue for a killer graphic effect that astronomy nuts will love!",
         "size": true,
         "price": "12.00",
         "rating": null,
         "image_url": null,
         "image": "helix_nebula_sock_it_to_me_mens_crew_socks_360x.jpg"
      }
   },
   {
      "model": "products.product",
      "pk": 11,
      "fields": {
         "category": 1,
         "sku": "ms111purp",
         "name": "Purple Rooster Socks",
         "description": "If you’re a chicken fan, we think the roosters on these fun socks will definitely help you give the birds a run for their money! These cool bird socks feature a pattern of colorful roosters against a bold purple background.",
         "size": true,
         "price": "13.00",
         "rating": null,
         "image_url": null,
         "image": "purple-rooster_good_luck_socks_XL_mens_crew_socks_360x.jpg"
      }
   },
   {
      "model": "products.product",
      "pk": 12,
      "fields": {
         "category": 1,
         "sku": "ms112rain",
         "name": "Rainbow Stripe Paw Prints Socks",
         "description": "Animal lovers will fall tail over paws for these fun, colorful paw print socks for men. They feature a gradient rainbow stripe in the background, with black paw prints that contrast and pop for a fun graphic appeal. Perfect for dog or cat owners, these stylish novelty socks look great on a walk with Fido or curled up on the couch with Sylvester.",
         "size": true,
         "price": "12.00",
         "rating": null,
         "image_url": null,
         "image": "kbell_mens_rainbow_stripe_paw_print_crew_socks_590x.jpg"
      }
   },
   {
      "model": "products.product",
      "pk": 13,
      "fields": {
         "category": 1,
         "sku": "ms113grea",
         "name": "Great Wave Socks",
         "description": "Arguably the most famous wood-block print in the world, Hokusai created the Great Wave as one piece in a series titled Thirty-six Views of Mount Fuji. Intended to focus on the colossal mountain in the background that most viewers consider an afterthought, don't let this traditional Japanese print fall to the wayside. By wearing these unique socks, tell the world to watch out — because you are ready to make waves.",
         "size": true,
         "price": "12.00",
         "rating": null,
         "image_url": null,
         "image": "hot_sox_mens_great_wave_crew_socks_590x.jpg"
      }
   },
   {
      "model": "products.product",
      "pk": 14,
      "fields": {
         "category": 1,
         "sku": "ms114cool",
         "name": "The Coolest Emperor Socks",
         "description": "Get waddling in these cool penguin novelty socks for men! There are so many occasions where wearing these would make a great choice, but our favorite has to be the idea of any formal affair where you have to wear a tux. Do a little social commentary in your penguin suit and see how many laughs you get!",
         "size": true,
         "price": "10.00",
         "rating": null,
         "image_url": null,
         "image": "socksmith_mens_the_coolest_emperor_blue_crew_socks_590x.jpg"
      }
   },
   {
      "model": "products.product",
      "pk": 15,
      "fields": {
         "category": 1,
         "sku": "ms115flag",
         "name": "Flag Socks",
         "description": "These aren't your mother's American flag socks. Show how strongly you support your country by wearing this bold pair of red, white and blue socks whether it is the Fourth of July, or just an average work day. If you are proud to be an American, you know how to prove it with this cool pair that are as sweet as cherry pie.",
         "size": true,
         "price": "10.00",
         "rating": null,
         "image_url": null,
         "image": "IMG_0310_360x.jpg"
      }
   },
   {
      "model": "products.product",
      "pk": 16,
      "fields": {
         "category": 1,
         "sku": "ms116broc",
         "name": "Broccoli Socks",
         "description": "Broccoli crowns abound on these colorful socks for men. Did you know that broccoli is a great source of vitamin C and potassium? Broccoli is also delicious in salads and stir-fried dishes. Elevate this humble and often overlooked  veggie with these fun socks! They make great gifts for vegans, vegetarians and broccoli lovers (we know you’re out there)!",
         "size": true,
         "price": "12.00",
         "rating": null,
         "image_url": null,
         "image": "hot_sox_broccoli_mens_crew_socks_480x.jpg"
      }
   },
   {
      "model": "products.product",
      "pk": 17,
      "fields": {
         "category": 1,
         "sku": "ms117squi",
         "name": "Squid And Whale Socks",
         "description": "You’ve been convinced since you read Jules Verne ... the giant squid is out there lurking in the depths! Now it’s in the depths of your shoes on these cool squid and whale socks for men, where the massive red-tentacled beast has caught the tail of a whale on your toes! We hope their struggle doesn’t trip you up! Great for ocean lovers and those who aren’t afraid of the deep sea ...",
         "size": true,
         "price": "12.00",
         "rating": null,
         "image_url": null,
         "image": "modsock_mens_squid_and_whale_crew_socks_360x.jpg"
      }
   },
   {
      "model": "products.product",
      "pk": 18,
      "fields": {
         "category": 1,
         "sku": "ms118musi",
         "name": "Music Notes Socks",
         "description": "Get moving through the day in these fun socks inspired by what moves you in your life: beautiful music. These cool men’s music note socks feature a black-and-gray pattern of different clefs and notes, making them a great choice for musicians or consummate appreciators. They’ll get your toes a’tapping!",
         "size": true,
         "price": "12.00",
         "rating": null,
         "image_url": null,
         "image": "kbell_mens_music_notes_crew_socks_590x.jpg"
      }
   },
   {
      "model": "products.product",
      "pk": 19,
      "fields": {
         "category": 1,
         "sku": "ms119squi",
         "name": "Squirrel Socks",
         "description": "Squirrels fail to recover up to 74% of the nuts they bury, according to an actual study done by the University of Richmond in Virginia. And one of the causes is nut theft! (We swear we are not making this up.) The squirrel on these funny men’s socks is not messing around with his stash of acorns: He holds a stick and declares “My yard, my rules, my nuts!”",
         "size": true,
         "price": "12.00",
         "rating": null,
         "image_url": null,
         "image": "squirrel_foot_traffic_mens_crew_socks_360x.jpg"
      }
   },
   {
      "model": "products.product",
      "pk": 20,
      "fields": {
         "category": 1,
         "sku": "ms120holi",
         "name": "Tacky Holiday Sweater Socks",
         "description": "The ugly holiday sweaters are everywhere! They may be an assault on our eyes, but there's no escaping the trend. So let's embrace it and spread the cheer even farther — all the way down to your toes. Strap on these ugly sweater socks for your next Christmas or holiday party and let your inner tackiness shine bright!",
         "size": true,
         "price": "9.00",
         "rating": null,
         "image_url": null,
         "image": "IMG_0593_360x.jpg"
      }
   },
   {
      "model": "products.product",
      "pk": 21,
      "fields": {
         "category": 1,
         "sku": "ms121dump",
         "name": "Dumpster Fire Socks | Men's",
         "description": "“Greetings from…” they say, above a big green dumpster being consumed by fire. We’re not sure exactly when “dumpster fire” entered our lexicon, but we’re happy these funny men’s socks are taking full advantage. We especially love those flames across the toes!",
         "size": true,
         "price": "12.00",
         "rating": null,
         "image_url": null,
         "image": "sock_it_to_me_dumpster_fire_mens_crew_socks_480x.jpg"
      }
   },
   {
      "model": "products.product",
      "pk": 22,
      "fields": {
         "category": 1,
         "sku": "ms122comp",
         "name": "A Genius Composition Socks",
         "description": "Your style will be note-perfect in these cool music socks for men! They feature a pattern like sheet music, with a staff running all over like a stripe and a complex array of musical notes. They’d make a great gift idea for any musician or music lover, from a band member to a frequent concert-goer.",
         "size": true,
         "price": "12.00",
         "rating": null,
         "image_url": null,
         "image": "modsocks_mens_genuis_composition_cream_socks_590x.jpg"
      }
   },
   {
      "model": "products.product",
      "pk": 23,
      "fields": {
         "category": 2,
         "sku": "ws101shhh",
         "name": "Shhh ... I'm Overthinking Socks",
         "description": "If overthinking burned calories, we’d be dead! Well, the next time someone tries to tell you that you worry too much, show them the dazzling striped pattern on these funny women’s socks. If that doesn’t shut them up (because, you know, if they don't stop talking, how can you continue to over analyze?), then let them see the words at the top: “Shhhh ... I’m overthinking.”",
         "size": true,
         "price": "11.00",
         "rating": null,
         "image_url": null,
         "image": "blue_q_shhh_im_overthinking_womens_crew_socks_360x.jpg"
      }
   },
   {
      "model": "products.product",
      "pk": 24,
      "fields": {
         "category": 2,
         "sku": "ws102",
         "name": "Wine And Coffee Socks",
         "description": "We believe that there’s a time and a place for everything. These funny women’s food socks are here to reinforce that idea! They feature cups of coffee and glasses of wine. They also say “AM” and “PM,” although it seems to be a little ambiguous as to which goes with which. Looks like you’ll get to decide for yourself!",
         "size": true,
         "price": "9.00",
         "rating": null,
         "image_url": null,
         "image": "k_bell_wine_and_coffee_womens_crew_sockspsd_360x.jpg"
      }
   },
   {
      "model": "products.product",
      "pk": 25,
      "fields": {
         "category": 2,
         "sku": "ws103coff",
         "name": "Coffee Socks",
         "description": "I’ll have a non-fat mocha frappuccino with two double shots, a splash of caramel, low cal whip, a douse of cinnamon, and oh- hold the caffeine, of course. If you prefer a simple coffee order over a spiel that will make your head spin, these back to basics coffee socks are for you. Covered in to go cups, mugs, and scattered coffee beans, feed a small part of your caffeine addiction with the help of these unique food socks, and enjoy the jolt of energy that comes with pouring yourself into this cool pair.",
         "size": true,
         "price": "9.00",
         "rating": null,
         "image_url": null,
         "image": "foot_traffic_coffee_fun_socks_360x.jpg"
      }
   },
   {
      "model": "products.product",
      "pk": 26,
      "fields": {
         "category": 2,
         "sku": "ws104donu",
         "name": "Donut Socks",
         "description": "Dunk your feet into this colorful pair of food socks and fall head over heels for the style… but do-nut say we didn’t warn you. Indulge in your favorite frosted treat without feeling your favorite jeans tighten. The sweet colors of these fun socks are just icing on the glazed donut!",
         "size": true,
         "price": "8.00",
         "rating": null,
         "image_url": null,
         "image": "socksmith_womens_donuts_in_mint_crew_socks_360x.jpg"
      }
   },
   {
      "model": "products.product",
      "pk": 27,
      "fields": {
         "category": 2,
         "sku": "ws105taco",
         "name": "Tacos Socks",
         "description": "Add some extra meat, tomato and lettuce into your diet with these awesomely colorful taco socks in either purple or black. No need to wait until Tuesday, feel free to indulge in your Mexican food cravings any day of the week.",
         "size": true,
         "price": "8.00",
         "rating": null,
         "image_url": null,
         "image": "socksmith_womens_tacos_in_purple_crew_socks_360x.jpg"
      }
   },
   {
      "model": "products.product",
      "pk": 28,
      "fields": {
         "category": 2,
         "sku": "ws106slot",
         "name": "Sloth Stripe Socks",
         "description": "The cutest (and slowest) creatures ever are just hanging out on these fun sloth socks! They feature a wide stripe print, with sloths just chilling on the stripes like they’re the branches of a favorite tree. If you see yourself in this lazy guy, slip into these cute animal socks and hit the couch with the remote control!",
         "size": true,
         "price": "9.00",
         "rating": null,
         "image_url": null,
         "image": "modsock_womens_sloth_stripe_crew_socks_navy_360x.jpg"
      }
   },
   {
      "model": "products.product",
      "pk": 29,
      "fields": {
         "category": 2,
         "sku": "ws107ocea",
         "name": "Ocean Gets Me Socks",
         "description": "You know who always waves back? The ocean. Pay tribute to your lifelong pal, the body of water that will always be there for you, and the saltiest friend ever with these funny women’s socks with the words “The ocean just gets me” on them. They’ve got a dreamy, sandy scene all over, too, perfect for lovers of the sea!",
         "size": true,
         "price": "11.00",
         "rating": null,
         "image_url": null,
         "image": "The_ocean_just_gets_me_blue_q_womens_crew_socks_360x.jpg"
      }
   },
   {
      "model": "products.product",
      "pk": 30,
      "fields": {
         "category": 2,
         "sku": "ws108geni",
         "name": "A Genius Composition Socks",
         "description": "Here comes the crescendo! Musicians and music lovers will swoon over these fun women’s crew socks adorned with sheet music. In stylish black and white, they’ve got a musical staff pattern covered with some complex composition of notes, perfect for women who grew up playing an instrument in band or orchestra or who simply want to show off how much they love music.",
         "size": true,
         "price": "9.00",
         "rating": null,
         "image_url": null,
         "image": "modsocks_womens_genuis_composition_crew_socks_590x.jpg"
      }
   },
   {
      "model": "products.product",
      "pk": 31,
      "fields": {
         "category": 2,
         "sku": "ws109supe",
         "name": "Superpower Socks",
         "description": "On those days when you feel ready to save the world, slip on these fun and empowering socks that say, “I’m a girl. What’s your superpower?” Splashes of red, orange and pink exploding from a star kinda remind us of how amazing women fill this sometimes-gray world with color and love every day. Get out there and make your life super!",
         "size": true,
         "price": "11.00",
         "rating": null,
         "image_url": null,
         "image": "blue_q_superpower_womens_crew_socks_55f8c704-5315-4f08-b90b-951695310916_480x.jpg"
      }
   },
   {
      "model": "products.product",
      "pk": 32,
      "fields": {
         "category": 2,
         "sku": "ws110star",
         "name": "Starry Night Socks",
         "description": "This painting needs no introduction. Van Gogh's famous Starry Night was painted from his view at the insane asylum, although he rightfully chose to omit the metal bars covering his window from the picture. If you are going insane over this masterpiece, rock the gorgeous painting on your unique art socks as an homage to the crazed artist himself.",
         "size": true,
         "price": "8.00",
         "rating": null,
         "image_url": null,
         "image": "IMG_8714_360x.jpg"
      }
   },
   {
      "model": "products.product",
      "pk": 33,
      "fields": {
         "category": 2,
         "sku": "ws111idon",
         "name": "I Don't Give A Flock Socks",
         "description": "It’s summertime, and you’ve got nowhere to be but standing right here on one foot! These funny flamingo socks feature the bright pink birds standing by signs that say, “I don’t give a flock,” perfect for those carefree days when you’re really exuding the tropical vibes. How dare someone ask you to be responsible when the weather is this nice?",
         "size": true,
         "price": "9.00",
         "rating": null,
         "image_url": null,
         "image": "KBell_womens_i_dont_give_a_flock_crew_socks_590x.jpg"
      }
   },
   {
      "model": "products.product",
      "pk": 34,
      "fields": {
         "category": 2,
         "sku": "ws112inlo",
         "name": "In Loving Memory Of Sleep Socks",
         "description": "Are you feeling a little short on your beauty sleep? These funny women’s socks might help! They feature fluffy sheep just waiting to be counted and say, “In loving memory of sleep.” Sure, these cute socks would make a great gift for sleep-deprived new moms, but we think they’re also perfect for students, nurses, people who work at The Sock Drawer during the holidays ...",
         "size": true,
         "price": "11.00",
         "rating": null,
         "image_url": null,
         "image": "blue_q_in_loving_memory_of_sleep_womens_crew_socks_360x.jpg"
      }
   },
   {
      "model": "products.product",
      "pk": 35,
      "fields": {
         "category": 2,
         "sku": "ws113alwa",
         "name": "Always Be A Unicorn Socks",
         "description": "Some days, the magic that’s deep down inside every woman comes bubbling out all over! These funny unicorn socks are for the other days. They feature an image of a pretty pink unicorn and these wise words: “Always be yourself. Unless you can be a unicorn. Then always be a unicorn.” On the rough days, just pretend you’re a mythical, magical beast!",
         "size": true,
         "price": "11.00",
         "rating": null,
         "image_url": null,
         "image": "blue_q_always_be_yourself_womens_crew_socks_a0d44c06-eb9e-42ef-8b4b-c88cdb691c5e_480x.jpg"
      }
   },
   {
      "model": "products.product",
      "pk": 36,
      "fields": {
         "category": 2,
         "sku": "ws114when",
         "name": "When Pigs Fly Socks",
         "description": "Sure I’ll believe these incredible socks are so cheap… when pigs fly. Oh, wait. Tell the world you intend to do the impossible by wearing these colorful animal socks wherever you go.",
         "size": true,
         "price": "8.00",
         "rating": null,
         "image_url": null,
         "image": "socksmith_flying_pigs_blue_fun_socks_360x.jpg"
      }
   },
   {
      "model": "products.product",
      "pk": 37,
      "fields": {
         "category": 2,
         "sku": "ws115rain",
         "name": "Rainbow Stripe Paw Prints Socks",
         "description": "Next time you’re heading out to pick up treats for your dog or a new catnip plant for your kitty, be sure to slip on these awesome and colorful paw print socks, too! Featuring a rainbow stripe background and tiny black animal prints, they’re an eye-catching way to show how much you love your furry friends!",
         "size": true,
         "price": "9.00",
         "rating": null,
         "image_url": null,
         "image": "kbell_womens_cool_novelty_rainbow_paw_prints_socks_360x.jpg"
      }
   },
   {
      "model": "products.product",
      "pk": 38,
      "fields": {
         "category": 2,
         "sku": "ws116elep",
         "name": "Elephant Love Socks",
         "description": "There’s no denying it, your cool new pair of socks are the elephant in the room. You will fall in love with these elephants falling in love… wait, is that legal? Either way, treat yourself to this adorable pair and never forget what a great decision you made on this memorable day.",
         "size": true,
         "price": "8.00",
         "rating": null,
         "image_url": null,
         "image": "socksmith_elephant_love_yellow_awesome_socks_360x.jpg"
      }
   },
   {
      "model": "products.product",
      "pk": 39,
      "fields": {
         "category": 2,
         "sku": "ws117maje",
         "name": "Majestic Butterflies Socks",
         "description": "We spy monarchs and swallowtails on these colorful and fun butterfly socks! What types can you spot? Perhaps one of the most gorgeously detailed styles we’ve ever had, these lovely crew socks look inspired by vintage nature posters and charts. We think they’d make a thoughtful gift for any gardener, nature lover or simply any woman with great taste.",
         "size": true,
         "price": "8.00",
         "rating": null,
         "image_url": null,
         "image": "majestic_butterflies_socksmith_womens_crew_socks_360x.jpg"
      }
   },
   {
      "model": "products.product",
      "pk": 40,
      "fields": {
         "category": 2,
         "sku": "ws118scre",
         "name": "Screaming Goats Socks",
         "description": "Is there any better way to let off a little steam than to watch one of those screaming goat videos online? No kidding (pun intended), you’ve just gotta laugh when you hear, “AAAAH!” Celebrate that bold, bleating love of life with these funny goat socks, perfect for animal lovers! They show everyone’s favorite farm animal mid-scream and offer a helpful phonetic lesson, too!",
         "size": true,
         "price": "8.00",
         "rating": null,
         "image_url": null,
         "image": "socksmith_screaming_goats_womens_crew_socks_360x.jpg"
      }
   },
   {
      "model": "products.product",
      "pk": 41,
      "fields": {
         "category": 2,
         "sku": "ws119leop",
         "name": "Leopard Print Socks",
         "description": "These wild animal-print socks for women can help you embrace your inner apex predator, or just add some wild flair to your wardrobe! The pattern matches a leopard’s spots — and did you know that those spots are actually called rosettes? Another fun fact: Leopards purr when they are happy. We wonder if they like to sit in boxes as well?",
         "size": true,
         "price": "8.00",
         "rating": null,
         "image_url": null,
         "image": "socksmith_leopard_print_womens_crew_socks_480x.jpg"
      }
   },
   {
      "model": "products.product",
      "pk": 42,
      "fields": {
         "category": 2,
         "sku": "ws120",
         "name": "Stop Talking Socks",
         "description": "What a lovely, flowery, pretty pair of socks! Oh wait ... Well, you shut us up. Perfect for those moments when you need to send someone a not-so-subtle message in a subtle way, these fun and colorful \"Stop Talking\" socks from Blue Q get the point across beautifully. Can't we all just enjoy the pretty flowers in peace?",
         "size": true,
         "price": "11.00",
         "rating": null,
         "image_url": null,
         "image": "IMG_1272_360x.jpg"
      }
   },
   {
      "model": "products.product",
      "pk": 43,
      "fields": {
         "category": 2,
         "sku": "ws121rela",
         "name": "Relaxed Rabbit Socks",
         "description": "The fluffy rabbits on these cute women’s animal socks sure do look relaxed, hanging out in a bucolic field between pretty bunches of flowers. They remind us of spring, and they just might put a spring in your step, too! We just want to slip these bunny socks on and relax with a cup of tea and a copy of Beatrix Potter’s The Tale of Peter Rabbit. A great choice for Easter or year-round!",
         "size": true,
         "price": "8.00",
         "rating": null,
         "image_url": null,
         "image": "socksmith_relaxed_rabbit_womens_crew_socks_purple_360x.jpg"
      }
   }
]
